入力パターン,職種,修正前 Goal Fit,修正後 Goal Fit,差,修正前 Skill,修正後 Skill,修正前 Experience,修正後 Experience,Education
R / Web開発者 0.5年 / 短大,フロントエンドエンジニア,13.9,13.9,0.0,0.0,0.0,18.9,18.9,22.8
Python / Web開発者 0.5年 / 短大,フロントエンドエンジニア,13.9,13.9,0.0,0.0,0.0,18.9,18.9,22.8
Python・pandas・NumPy・Jupyter・SQL / Web開発者 2年 / 学士,フロントエンドエンジニア,55.8,55.8,0.0,0.0,0.0,67.4,67.4,100.0
JavaScript・HTML/CSS・React / ソフトウェア開発者 3年 / 学士,フロントエンドエンジニア,70.1,70.1,0.0,41.4,41.4,68.8,68.8,100.0
スキルなし / 販売員 5年 / 高卒,フロントエンドエンジニア,15.3,15.3,0.0,0.0,0.0,23.1,23.1,22.8
スキルなし / Goal の職業 1年 / 学士,フロントエンドエンジニア,49.4,49.4,0.0,0.0,0.0,48.2,48.2,100.0
Kotlin のみ / 経験なし / 学士,フロントエンドエンジニア,33.3,33.3,0.0,0.0,0.0,0.0,0.0,100.0
Java のみ / 経験なし / 学士,フロントエンドエンジニア,33.3,33.3,0.0,0.0,0.0,0.0,0.0,100.0
R / Web開発者 0.5年 / 短大,バックエンドエンジニア,8.6,8.6,0.0,0.0,0.0,11.2,11.2,14.8
Python / Web開発者 0.5年 / 短大,バックエンドエンジニア,13.4,13.4,0.0,14.3,14.4,11.2,11.2,14.8
Python・pandas・NumPy・Jupyter・SQL / Web開発者 2年 / 学士,バックエンドエンジニア,56.7,56.7,0.0,22.9,22.9,47.2,47.2,100.0
JavaScript・HTML/CSS・React / ソフトウェア開発者 3年 / 学士,バックエンドエンジニア,54.7,54.7,0.0,0.0,0.0,64.0,64.0,100.0
スキルなし / 販売員 5年 / 高卒,バックエンドエンジニア,10.2,10.2,0.0,0.0,0.0,15.8,15.8,14.8
スキルなし / Goal の職業 1年 / 学士,バックエンドエンジニア,45.1,45.1,0.0,0.0,0.0,35.2,35.2,100.0
Kotlin のみ / 経験なし / 学士,バックエンドエンジニア,33.3,38.1,4.8,0.0,14.4,0.0,0.0,100.0
Java のみ / 経験なし / 学士,バックエンドエンジニア,38.1,38.1,0.0,14.3,14.4,0.0,0.0,100.0
R / Web開発者 0.5年 / 短大,フルスタックエンジニア,9.1,9.1,0.0,0.0,0.0,15.0,15.0,12.4
Python / Web開発者 0.5年 / 短大,フルスタックエンジニア,12.6,12.6,0.0,10.4,10.4,15.0,15.0,12.4
Python・pandas・NumPy・Jupyter・SQL / Web開発者 2年 / 学士,フルスタックエンジニア,58.6,58.6,0.0,18.4,18.5,57.3,57.3,100.0
JavaScript・HTML/CSS・React / ソフトウェア開発者 3年 / 学士,フルスタックエンジニア,63.1,63.1,-0.0,32.2,32.2,57.0,57.0,100.0
スキルなし / 販売員 5年 / 高卒,フルスタックエンジニア,10.6,10.6,0.0,0.0,0.0,19.4,19.4,12.4
スキルなし / Goal の職業 1年 / 学士,フルスタックエンジニア,47.2,47.2,0.0,0.0,0.0,41.7,41.7,100.0
Kotlin のみ / 経験なし / 学士,フルスタックエンジニア,33.3,36.8,3.5,0.0,10.4,0.0,0.0,100.0
Java のみ / 経験なし / 学士,フルスタックエンジニア,36.8,36.8,0.0,10.4,10.4,0.0,0.0,100.0
R / Web開発者 0.5年 / 短大,データアナリスト,18.4,18.4,0.0,31.0,31.0,10.4,10.4,13.8
Python / Web開発者 0.5年 / 短大,データアナリスト,18.4,18.4,0.0,31.0,31.0,10.4,10.4,13.8
Python・pandas・NumPy・Jupyter・SQL / Web開発者 2年 / 学士,データアナリスト,67.1,67.1,0.0,60.3,60.3,41.0,41.0,100.0
JavaScript・HTML/CSS・React / ソフトウェア開発者 3年 / 学士,データアナリスト,54.2,54.2,0.0,0.0,0.0,62.6,62.6,100.0
スキルなし / 販売員 5年 / 高卒,データアナリスト,12.4,12.4,0.0,0.0,0.0,23.4,23.4,13.8
スキルなし / Goal の職業 1年 / 学士,データアナリスト,48.0,48.0,0.0,0.0,0.0,44.0,44.0,100.0
Kotlin のみ / 経験なし / 学士,データアナリスト,33.3,33.3,0.0,0.0,0.0,0.0,0.0,100.0
Java のみ / 経験なし / 学士,データアナリスト,33.3,33.3,0.0,0.0,0.0,0.0,0.0,100.0
R / Web開発者 0.5年 / 短大,データサイエンティスト,12.0,12.0,0.0,15.6,15.6,11.1,11.1,9.3
Python / Web開発者 0.5年 / 短大,データサイエンティスト,12.0,12.0,0.0,15.6,15.6,11.1,11.1,9.3
Python・pandas・NumPy・Jupyter・SQL / Web開発者 2年 / 学士,データサイエンティスト,27.7,27.7,0.0,15.6,15.6,37.0,37.0,30.5
JavaScript・HTML/CSS・React / ソフトウェア開発者 3年 / 学士,データサイエンティスト,25.1,25.1,0.0,0.0,0.0,44.8,44.8,30.5
スキルなし / 販売員 5年 / 高卒,データサイエンティスト,14.5,14.5,0.0,0.0,0.0,34.2,34.2,9.3
スキルなし / Goal の職業 1年 / 学士,データサイエンティスト,27.9,27.9,0.0,0.0,0.0,53.2,53.2,30.5
Kotlin のみ / 経験なし / 学士,データサイエンティスト,10.2,10.2,0.0,0.0,0.0,0.0,0.0,30.5
Java のみ / 経験なし / 学士,データサイエンティスト,10.2,10.2,0.0,0.0,0.0,0.0,0.0,30.5
R / Web開発者 0.5年 / 短大,データエンジニア,13.2,13.2,0.0,0.0,0.0,14.6,14.6,25.2
Python / Web開発者 0.5年 / 短大,データエンジニア,18.3,18.3,0.0,15.3,15.3,14.6,14.6,25.2
Python・pandas・NumPy・Jupyter・SQL / Web開発者 2年 / 学士,データエンジニア,59.9,59.9,0.0,28.6,28.6,51.1,51.1,100.0
JavaScript・HTML/CSS・React / ソフトウェア開発者 3年 / 学士,データエンジニア,55.5,55.5,0.0,0.0,0.0,66.5,66.5,100.0
スキルなし / 販売員 5年 / 高卒,データエンジニア,16.2,16.2,0.0,0.0,0.0,23.6,23.6,25.2
スキルなし / Goal の職業 1年 / 学士,データエンジニア,49.1,49.1,0.0,0.0,0.0,47.3,47.3,100.0
Kotlin のみ / 経験なし / 学士,データエンジニア,33.3,33.3,0.0,0.0,0.0,0.0,0.0,100.0
Java のみ / 経験なし / 学士,データエンジニア,33.3,33.3,0.0,0.0,0.0,0.0,0.0,100.0
R / Web開発者 0.5年 / 短大,ITプロジェクトマネージャー,7.1,7.1,0.0,0.0,0.0,3.1,3.1,18.3
Python / Web開発者 0.5年 / 短大,ITプロジェクトマネージャー,7.1,7.1,0.0,0.0,0.0,3.1,3.1,18.3
Python・pandas・NumPy・Jupyter・SQL / Web開発者 2年 / 学士,ITプロジェクトマネージャー,46.2,46.2,0.0,10.0,10.0,28.6,28.6,100.0
JavaScript・HTML/CSS・React / ソフトウェア開発者 3年 / 学士,ITプロジェクトマネージャー,48.9,48.9,0.0,0.0,0.0,46.6,46.6,100.0
スキルなし / 販売員 5年 / 高卒,ITプロジェクトマネージャー,12.0,12.0,0.0,0.0,0.0,17.7,17.7,18.3
スキルなし / Goal の職業 1年 / 学士,ITプロジェクトマネージャー,39.0,39.0,0.0,0.0,0.0,17.0,17.0,100.0
Kotlin のみ / 経験なし / 学士,ITプロジェクトマネージャー,33.3,33.3,0.0,0.0,0.0,0.0,0.0,100.0
Java のみ / 経験なし / 学士,ITプロジェクトマネージャー,33.3,33.3,0.0,0.0,0.0,0.0,0.0,100.0
R / Web開発者 0.5年 / 短大,プロダクトマネージャー,7.7,7.7,0.0,0.0,0.0,4.0,4.0,19.3
Python / Web開発者 0.5年 / 短大,プロダクトマネージャー,7.7,7.7,0.0,0.0,0.0,4.0,4.0,19.3
Python・pandas・NumPy・Jupyter・SQL / Web開発者 2年 / 学士,プロダクトマネージャー,45.6,45.6,0.0,10.0,10.0,26.7,26.7,100.0
JavaScript・HTML/CSS・React / ソフトウェア開発者 3年 / 学士,プロダクトマネージャー,48.6,48.6,0.0,0.0,0.0,45.8,45.8,100.0
スキルなし / 販売員 5年 / 高卒,プロダクトマネージャー,13.1,13.1,0.0,0.0,0.0,20.1,20.1,19.3
スキルなし / Goal の職業 1年 / 学士,プロダクトマネージャー,39.6,39.6,0.0,0.0,0.0,18.9,18.9,100.0
Kotlin のみ / 経験なし / 学士,プロダクトマネージャー,33.3,33.3,0.0,0.0,0.0,0.0,0.0,100.0
Java のみ / 経験なし / 学士,プロダクトマネージャー,33.3,33.3,0.0,0.0,0.0,0.0,0.0,100.0
R / Web開発者 0.5年 / 短大,ソフトウェアアーキテクト,8.7,8.7,0.0,0.0,0.0,5.1,5.1,21.1
Python / Web開発者 0.5年 / 短大,ソフトウェアアーキテクト,12.6,12.6,0.0,11.6,11.6,5.1,5.1,21.1
Python・pandas・NumPy・Jupyter・SQL / Web開発者 2年 / 学士,ソフトウェアアーキテクト,50.0,50.0,0.0,20.2,20.2,29.8,29.8,100.0
JavaScript・HTML/CSS・React / ソフトウェア開発者 3年 / 学士,ソフトウェアアーキテクト,49.8,49.8,0.0,0.0,0.0,49.4,49.4,100.0
スキルなし / 販売員 5年 / 高卒,ソフトウェアアーキテクト,15.8,15.8,0.0,0.0,0.0,26.4,26.4,21.1
スキルなし / Goal の職業 1年 / 学士,ソフトウェアアーキテクト,40.0,40.0,0.0,0.0,0.0,20.0,20.0,100.0
Kotlin のみ / 経験なし / 学士,ソフトウェアアーキテクト,33.3,33.3,0.0,0.0,0.0,0.0,0.0,100.0
Java のみ / 経験なし / 学士,ソフトウェアアーキテクト,37.2,37.2,0.0,11.6,11.6,0.0,0.0,100.0
R / Web開発者 0.5年 / 短大,モバイルアプリエンジニア,12.8,12.8,0.0,0.0,0.0,21.3,21.3,17.2
Python / Web開発者 0.5年 / 短大,モバイルアプリエンジニア,12.8,12.8,0.0,0.0,0.0,21.3,21.3,17.2
Python・pandas・NumPy・Jupyter・SQL / Web開発者 2年 / 学士,モバイルアプリエンジニア,55.8,55.8,0.0,0.0,0.0,67.5,67.5,100.0
JavaScript・HTML/CSS・React / ソフトウェア開発者 3年 / 学士,モバイルアプリエンジニア,58.7,58.7,0.0,0.0,0.0,76.2,76.2,100.0
スキルなし / 販売員 5年 / 高卒,モバイルアプリエンジニア,15.4,15.4,0.0,0.0,0.0,29.1,29.1,17.2
スキルなし / Goal の職業 1年 / 学士,モバイルアプリエンジニア,52.9,52.9,0.0,0.0,0.0,58.8,58.8,100.0
Kotlin のみ / 経験なし / 学士,モバイルアプリエンジニア,39.2,39.2,0.0,17.6,17.6,0.0,0.0,100.0
Java のみ / 経験なし / 学士,モバイルアプリエンジニア,33.3,33.3,0.0,0.0,0.0,0.0,0.0,100.0
R / Web開発者 0.5年 / 短大,ネットワークエンジニア,12.4,12.4,0.0,0.0,0.0,9.8,9.8,27.4
Python / Web開発者 0.5年 / 短大,ネットワークエンジニア,16.6,16.6,0.0,12.5,12.5,9.8,9.8,27.4
Python・pandas・NumPy・Jupyter・SQL / Web開発者 2年 / 学士,ネットワークエンジニア,51.0,51.0,0.0,12.5,12.5,40.4,40.4,100.0
JavaScript・HTML/CSS・React / ソフトウェア開発者 3年 / 学士,ネットワークエンジニア,50.1,50.1,0.0,0.0,0.0,50.3,50.3,100.0
スキルなし / 販売員 5年 / 高卒,ネットワークエンジニア,16.8,16.8,0.0,0.0,0.0,22.9,22.9,27.4
スキルなし / Goal の職業 1年 / 学士,ネットワークエンジニア,45.2,45.2,0.0,0.0,0.0,35.7,35.7,100.0
Kotlin のみ / 経験なし / 学士,ネットワークエンジニア,33.3,33.3,0.0,0.0,0.0,0.0,0.0,100.0
Java のみ / 経験なし / 学士,ネットワークエンジニア,33.3,33.3,0.0,0.0,0.0,0.0,0.0,100.0
R / Web開発者 0.5年 / 短大,テストエンジニア / QA,13.6,13.6,0.0,0.0,0.0,15.3,15.3,25.4
Python / Web開発者 0.5年 / 短大,テストエンジニア / QA,16.9,16.9,0.0,10.0,10.0,15.3,15.3,25.4
Python・pandas・NumPy・Jupyter・SQL / Web開発者 2年 / 学士,テストエンジニア / QA,59.0,59.0,0.0,20.0,20.0,56.9,56.9,100.0
JavaScript・HTML/CSS・React / ソフトウェア開発者 3年 / 学士,テストエンジニア / QA,57.0,57.0,0.0,10.0,10.0,61.1,61.1,100.0
スキルなし / 販売員 5年 / 高卒,テストエンジニア / QA,25.5,25.5,0.0,0.0,0.0,51.2,51.2,25.4
スキルなし / Goal の職業 1年 / 学士,テストエンジニア / QA,52.9,52.9,0.0,0.0,0.0,58.7,58.7,100.0
Kotlin のみ / 経験なし / 学士,テストエンジニア / QA,33.3,33.3,0.0,0.0,0.0,0.0,0.0,100.0
Java のみ / 経験なし / 学士,テストエンジニア / QA,36.7,36.7,0.0,10.0,10.0,0.0,0.0,100.0
R / Web開発者 0.5年 / 短大,DevOps / SREエンジニア,13.3,13.3,0.0,0.0,0.0,6.0,6.0,33.9
Python / Web開発者 0.5年 / 短大,DevOps / SREエンジニア,16.1,16.1,0.0,8.3,8.3,6.0,6.0,33.9
Python・pandas・NumPy・Jupyter・SQL / Web開発者 2年 / 学士,DevOps / SREエンジニア,46.2,46.2,0.0,8.3,8.3,30.2,30.2,100.0
JavaScript・HTML/CSS・React / ソフトウェア開発者 3年 / 学士,DevOps / SREエンジニア,49.6,49.6,0.0,0.0,0.0,48.8,48.8,100.0
スキルなし / 販売員 5年 / 高卒,DevOps / SREエンジニア,16.7,16.7,0.0,0.0,0.0,16.2,16.2,33.9
スキルなし / Goal の職業 1年 / 学士,DevOps / SREエンジニア,42.3,42.3,0.0,0.0,0.0,26.8,26.8,100.0
Kotlin のみ / 経験なし / 学士,DevOps / SREエンジニア,33.3,33.3,0.0,0.0,0.0,0.0,0.0,100.0
Java のみ / 経験なし / 学士,DevOps / SREエンジニア,33.3,33.3,0.0,0.0,0.0,0.0,0.0,100.0
R / Web開発者 0.5年 / 短大,クラウドアーキテクト,10.8,10.8,0.0,0.0,0.0,5.9,5.9,26.5
Python / Web開発者 0.5年 / 短大,クラウドアーキテクト,13.7,13.7,0.0,8.8,8.8,5.9,5.9,26.5
Python・pandas・NumPy・Jupyter・SQL / Web開発者 2年 / 学士,クラウドアーキテクト,45.8,45.8,0.0,8.8,8.8,28.5,28.5,100.0
JavaScript・HTML/CSS・React / ソフトウェア開発者 3年 / 学士,クラウドアーキテクト,48.9,48.9,0.0,0.0,0.0,46.8,46.8,100.0
スキルなし / 販売員 5年 / 高卒,クラウドアーキテクト,17.3,17.3,0.0,0.0,0.0,25.5,25.5,26.5
スキルなし / Goal の職業 1年 / 学士,クラウドアーキテクト,41.1,41.1,0.0,0.0,0.0,23.3,23.3,100.0
Kotlin のみ / 経験なし / 学士,クラウドアーキテクト,33.3,33.3,0.0,0.0,0.0,0.0,0.0,100.0
Java のみ / 経験なし / 学士,クラウドアーキテクト,33.3,33.3,0.0,0.0,0.0,0.0,0.0,100.0
