goal_id,unit_a,unit_b,P(b|a),P(a|b)
frontend-developer,javascript-language,frontend-framework,0.9084,0.9879
frontend-developer,javascript-language,js-package-manager,0.7946,0.9911
frontend-developer,javascript-language,html-css,0.8311,0.9895
frontend-developer,javascript-language,js-bundler,0.633,0.9954
frontend-developer,javascript-language,nodejs,0.5444,0.9896
frontend-developer,javascript-language,relational-database,0.5284,0.966
frontend-developer,javascript-language,cross-platform-mobile,0.217,0.9551
frontend-developer,javascript-language,frontend-meta-framework,0.4312,0.9921
frontend-developer,javascript-language,container-runtime,0.3951,0.9858
frontend-developer,javascript-language,nosql-database,0.3443,0.9706
frontend-developer,javascript-language,public-cloud,0.4677,0.9681
frontend-developer,javascript-language,paas,0.3376,0.9865
frontend-developer,javascript-language,baas,0.2316,0.9655
frontend-developer,javascript-language,express,0.25,0.994
frontend-developer,javascript-language,nestjs,0.0722,0.9868
frontend-developer,frontend-framework,js-package-manager,0.8262,0.9475
frontend-developer,frontend-framework,html-css,0.823,0.9009
frontend-developer,frontend-framework,js-bundler,0.669,0.9673
frontend-developer,frontend-framework,nodejs,0.569,0.9511
frontend-developer,frontend-framework,cross-platform-mobile,0.2284,0.9263
frontend-developer,frontend-framework,frontend-meta-framework,0.4583,0.9695
frontend-developer,frontend-framework,container-runtime,0.4147,0.9514
frontend-developer,frontend-framework,nosql-database,0.3622,0.9387
frontend-developer,frontend-framework,public-cloud,0.4832,0.9198
frontend-developer,frontend-framework,paas,0.3537,0.9503
frontend-developer,frontend-framework,baas,0.2441,0.9354
frontend-developer,frontend-framework,express,0.267,0.976
frontend-developer,frontend-framework,nestjs,0.0783,0.9838
frontend-developer,js-package-manager,js-bundler,0.7447,0.9389
frontend-developer,js-package-manager,container-runtime,0.4615,0.9232
frontend-developer,js-package-manager,paas,0.3869,0.9063
backend-developer,server-language,relational-database,0.8619,0.9812
backend-developer,server-language,public-cloud,0.7055,0.9825
backend-developer,server-language,server-framework,0.7255,0.9928
backend-developer,server-language,container-runtime,0.6672,0.9854
backend-developer,server-language,sql,0.5699,0.9867
backend-developer,server-language,monitoring,0.3174,0.9819
backend-developer,server-language,message-broker,0.2819,0.9912
backend-developer,server-language,container-orchestration,0.3302,0.9904
backend-developer,server-language,js-package-manager,0.4341,0.9873
backend-developer,server-language,javascript,0.519,0.9872
backend-developer,server-language,nosql-database,0.398,0.9862
backend-developer,server-language,frontend-framework,0.4168,0.989
backend-developer,server-language,in-memory-store,0.3178,0.989
backend-developer,server-language,jvm-build,0.3108,0.9942
backend-developer,server-language,infrastructure-as-code,0.1679,0.9877
backend-developer,server-language,search-engine,0.2088,0.99
backend-developer,server-language,groovy,0.0483,0.9925
backend-developer,relational-database,server-framework,0.7648,0.9194
backend-developer,relational-database,sql,0.6293,0.9572
backend-developer,relational-database,monitoring,0.3357,0.9064
backend-developer,relational-database,message-broker,0.2993,0.9258
backend-developer,relational-database,js-package-manager,0.4525,0.9039
backend-developer,relational-database,javascript,0.5396,0.9017
backend-developer,relational-database,frontend-framework,0.4394,0.9159
backend-developer,relational-database,in-memory-store,0.3461,0.9461
backend-developer,relational-database,search-engine,0.2236,0.9312
backend-developer,public-cloud,infrastructure-as-code,0.2247,0.9497
backend-developer,container-runtime,monitoring,0.4111,0.9284
full-stack-developer,javascript-language,server-language,0.9778,0.9227
full-stack-developer,javascript-language,html-css,0.7871,0.9717
full-stack-developer,javascript-language,frontend-framework,0.8214,0.9625
full-stack-developer,javascript-language,js-package-manager,0.746,0.9741
full-stack-developer,javascript-language,relational-database,0.8956,0.9249
full-stack-developer,javascript-language,server-framework,0.8072,0.9394
full-stack-developer,javascript-language,public-cloud,0.6697,0.9375
full-stack-developer,javascript-language,container-runtime,0.5881,0.9434
full-stack-developer,javascript-language,sql,0.6684,0.9431
full-stack-developer,javascript-language,js-bundler,0.4709,0.9858
full-stack-developer,javascript-language,frontend-meta-framework,0.2843,0.9869
full-stack-developer,javascript-language,cross-platform-mobile,0.2449,0.9451
full-stack-developer,javascript-language,paas,0.2542,0.9721
full-stack-developer,javascript-language,vps-hosting,0.2266,0.9522
full-stack-developer,javascript-language,jquery,0.3017,0.9692
full-stack-developer,javascript-language,cloudflare,0.1656,0.9669
full-stack-developer,javascript-language,nuget,0.2151,0.922
full-stack-developer,javascript-language,baas,0.1783,0.9678
full-stack-developer,javascript-language,composer,0.1318,0.9701
full-stack-developer,javascript-language,dart,0.0701,0.9255
full-stack-developer,server-language,html-css,0.7502,0.9814
full-stack-developer,server-language,frontend-framework,0.7893,0.98
full-stack-developer,server-language,js-package-manager,0.709,0.9811
full-stack-developer,server-language,relational-database,0.8949,0.9793
full-stack-developer,server-language,server-framework,0.8031,0.9904
full-stack-developer,server-language,public-cloud,0.6597,0.9786
full-stack-developer,server-language,container-runtime,0.5797,0.9854
full-stack-developer,server-language,sql,0.6596,0.9862
full-stack-developer,server-language,js-bundler,0.4432,0.9832
full-stack-developer,server-language,frontend-meta-framework,0.2665,0.9803
full-stack-developer,server-language,cross-platform-mobile,0.2405,0.9841
full-stack-developer,server-language,dotnet-runtime,0.3124,0.9931
full-stack-developer,server-language,paas,0.242,0.9806
full-stack-developer,server-language,vps-hosting,0.2212,0.9852
full-stack-developer,server-language,jquery,0.2905,0.9889
full-stack-developer,server-language,cloudflare,0.1596,0.9878
full-stack-developer,server-language,nuget,0.2195,0.9967
full-stack-developer,server-language,baas,0.17,0.9777
full-stack-developer,server-language,composer,0.1276,0.9954
full-stack-developer,server-language,dart,0.0704,0.9847
full-stack-developer,html-css,relational-database,0.9042,0.7564
full-stack-developer,frontend-framework,js-bundler,0.5241,0.9365
full-stack-developer,frontend-framework,frontend-meta-framework,0.3225,0.9554
full-stack-developer,frontend-framework,paas,0.2763,0.9016
full-stack-developer,frontend-framework,baas,0.1962,0.9087
full-stack-developer,js-package-manager,relational-database,0.9001,0.7119
full-stack-developer,js-package-manager,js-bundler,0.5818,0.9327
full-stack-developer,relational-database,server-framework,0.8207,0.9248
full-stack-developer,relational-database,public-cloud,0.668,0.9055
full-stack-developer,relational-database,container-runtime,0.5893,0.9154
full-stack-developer,relational-database,sql,0.7074,0.9665
full-stack-developer,relational-database,js-bundler,0.4456,0.9033
full-stack-developer,relational-database,cross-platform-mobile,0.2451,0.9179
full-stack-developer,relational-database,dotnet-runtime,0.323,0.9397
full-stack-developer,relational-database,paas,0.2443,0.9047
full-stack-developer,relational-database,vps-hosting,0.2315,0.9419
full-stack-developer,relational-database,jquery,0.3087,0.9601
full-stack-developer,relational-database,cloudflare,0.1646,0.931
full-stack-developer,relational-database,nuget,0.2284,0.9477
full-stack-developer,relational-database,baas,0.1721,0.9044
full-stack-developer,relational-database,composer,0.1376,0.9805
full-stack-developer,server-framework,nuget,0.2483,0.9142
full-stack-developer,dotnet-runtime,nuget,0.6493,0.916
data-analyst,analysis-language,databricks,0.0827,1.0
data-analyst,analysis-language,apache-spark,0.0949,0.9406
data-analyst,sql,apache-spark,0.0942,0.901
data-analyst,relational-database,microsoft-access,0.1714,0.9333
data-analyst,data-warehouse,databricks,0.2314,0.9032
data-scientist,analysis-language,deep-learning-framework,0.6854,0.9971
data-scientist,analysis-language,python-package-manager,0.5893,0.995
data-scientist,analysis-language,fastapi,0.2615,0.9966
data-scientist,analysis-language,relational-database,0.6716,0.9805
data-scientist,analysis-language,container-runtime,0.5546,0.99
data-scientist,analysis-language,public-cloud,0.7095,0.982
data-scientist,analysis-language,sql,0.5914,0.9881
data-scientist,analysis-language,data-warehouse,0.2739,0.9851
data-scientist,analysis-language,shell,0.435,0.9906
data-scientist,analysis-language,flask,0.2594,0.9989
data-scientist,analysis-language,hugging-face-transformers,0.2589,1.0
data-scientist,analysis-language,frontend-framework,0.241,0.9645
data-scientist,analysis-language,opencv,0.2858,1.0
data-scientist,analysis-language,mlflow,0.1641,0.9938
data-scientist,analysis-language,cuda,0.215,0.9945
data-scientist,analysis-language,apache-spark,0.1941,0.9959
data-scientist,analysis-language,django,0.1336,0.9804
data-scientist,analysis-language,databricks,0.1128,0.9735
data-scientist,analysis-language,hadoop,0.0881,0.9955
data-scientist,deep-learning-framework,hugging-face-transformers,0.3496,0.9282
data-scientist,deep-learning-framework,opencv,0.387,0.9308
data-scientist,deep-learning-framework,cuda,0.3025,0.9616
data-scientist,public-cloud,databricks,0.1459,0.9027
data-engineer,data-engineering-python,sql,0.7856,0.9004
data-engineer,data-engineering-python,data-warehouse,0.4823,0.9457
data-engineer,data-engineering-python,public-cloud,0.8187,0.9083
data-engineer,data-engineering-python,server-framework,0.515,0.9212
data-engineer,data-engineering-python,python-package-manager,0.5856,0.9862
data-engineer,data-engineering-python,container-runtime,0.6359,0.9406
data-engineer,data-engineering-python,apache-spark,0.3935,0.9437
data-engineer,data-engineering-python,shell,0.5497,0.918
data-engineer,data-engineering-python,infrastructure-as-code,0.2659,0.9512
data-engineer,data-engineering-python,message-broker,0.2663,0.9037
data-engineer,data-engineering-python,databricks,0.1826,0.9609
data-engineer,data-engineering-python,hadoop,0.1674,0.9218
data-engineer,data-engineering-python,r,0.1228,0.9545
data-engineer,data-engineering-python,rstudio,0.0744,0.9325
data-engineer,data-engineering-python,mlflow,0.0499,1.0
data-engineer,data-engineering-python,tidyverse,0.0416,0.9444
data-engineer,data-warehouse,public-cloud,0.9289,0.5255
data-engineer,data-warehouse,databricks,0.3045,0.905
data-engineer,public-cloud,apache-spark,0.41,0.9038
data-engineer,public-cloud,infrastructure-as-code,0.3049,0.9833
data-engineer,public-cloud,databricks,0.1936,0.9497
data-engineer,relational-database,rstudio,0.0769,0.908
data-engineer,relational-database,tidyverse,0.0421,0.9
data-engineer,r,tidyverse,0.3037,0.9111
it-project-manager,relational-database,sql,0.6856,0.9276
it-project-manager,relational-database,microsoft-access,0.1369,0.9481
it-project-manager,relational-database,virtualization,0.1202,0.9126
it-project-manager,relational-database,codeigniter,0.0371,1.0
it-project-manager,javascript,codeigniter,0.0449,0.931
product-manager,relational-database,sql,0.7103,0.9194
software-architect,relational-database,server-language,0.9671,0.8525
software-architect,relational-database,server-framework,0.7213,0.9225
software-architect,relational-database,frontend-framework,0.6307,0.9018
software-architect,relational-database,sql,0.7386,0.946
software-architect,relational-database,js-package-manager,0.5822,0.9082
software-architect,relational-database,nosql-database,0.446,0.9313
software-architect,relational-database,container-orchestration,0.3739,0.9297
software-architect,relational-database,in-memory-store,0.3733,0.9744
software-architect,relational-database,nuget,0.2787,0.9165
software-architect,relational-database,monitoring,0.2977,0.9382
software-architect,relational-database,jvm-build,0.2585,0.9069
software-architect,relational-database,msbuild,0.1945,0.9084
software-architect,relational-database,search-engine,0.2706,0.963
software-architect,relational-database,infrastructure-as-code,0.236,0.9424
software-architect,relational-database,configuration-management,0.1431,0.9254
software-architect,server-language,server-framework,0.677,0.9823
software-architect,server-language,container-runtime,0.6918,0.9855
software-architect,server-language,public-cloud,0.6801,0.9795
software-architect,server-language,frontend-framework,0.6043,0.9802
software-architect,server-language,shell,0.6546,0.9765
software-architect,server-language,sql,0.6729,0.9778
software-architect,server-language,javascript,0.7045,0.9802
software-architect,server-language,js-package-manager,0.559,0.9892
software-architect,server-language,html-css,0.6287,0.9856
software-architect,server-language,typescript,0.5076,0.9911
software-architect,server-language,nosql-database,0.4115,0.9747
software-architect,server-language,container-orchestration,0.3489,0.9842
software-architect,server-language,in-memory-store,0.3316,0.9819
software-architect,server-language,nuget,0.264,0.9848
software-architect,server-language,monitoring,0.2747,0.9818
software-architect,server-language,jvm-build,0.2492,0.9919
software-architect,server-language,msbuild,0.1862,0.9865
software-architect,server-language,search-engine,0.2436,0.9836
software-architect,server-language,infrastructure-as-code,0.2167,0.9816
software-architect,server-language,configuration-management,0.1348,0.9888
software-architect,server-language,groovy,0.0783,0.9872
software-architect,container-runtime,container-orchestration,0.4681,0.9268
software-architect,container-runtime,monitoring,0.363,0.9109
software-architect,container-runtime,jvm-build,0.3239,0.9049
software-architect,container-runtime,infrastructure-as-code,0.2899,0.9217
software-architect,public-cloud,infrastructure-as-code,0.2952,0.9286
mobile-app-developer,mobile-ide,mobile-native-language,0.8136,0.9293
mobile-app-developer,mobile-ide,sqlite,0.4837,0.9166
mobile-app-developer,mobile-ide,baas,0.4941,0.914
mobile-app-developer,mobile-ide,swiftui,0.3019,0.9936
mobile-app-developer,mobile-ide,jvm-build,0.48,0.9418
mobile-app-developer,mobile-ide,os-package-manager,0.3828,0.9308
mobile-app-developer,mobile-ide,java,0.4424,0.9053
mobile-app-developer,mobile-ide,dagger,0.1462,0.9772
mobile-app-developer,mobile-ide,ktor,0.0662,0.9611
mobile-app-developer,mobile-native-language,swiftui,0.3524,0.9776
mobile-app-developer,mobile-native-language,dagger,0.1752,0.987
mobile-app-developer,mobile-native-language,ktor,0.0805,0.9859
mobile-app-developer,mobile-native-language,groovy,0.0858,0.9628
network-engineer,relational-database,sql,0.6561,0.9336
network-engineer,relational-database,sqlite,0.4324,0.9041
network-engineer,relational-database,virtualization,0.2553,0.9011
network-engineer,relational-database,php,0.3921,0.9484
network-engineer,relational-database,django,0.1344,0.9091
network-engineer,relational-database,composer,0.1249,0.9693
network-engineer,relational-database,laravel,0.083,0.9906
network-engineer,python,django,0.1773,0.9198
devops-sre,shell,perl,0.0717,0.9
devops-sre,container-runtime,container-orchestration,0.6621,0.9162
devops-sre,container-runtime,infrastructure-as-code,0.585,0.9031
devops-sre,container-runtime,monitoring,0.5891,0.9633
devops-sre,container-runtime,message-broker,0.2558,0.9038
devops-sre,container-runtime,make,0.3806,0.9066
devops-sre,container-runtime,fastapi,0.1342,0.9132
devops-sre,container-runtime,quarkus,0.0165,0.9091
devops-sre,relational-database,sql,0.5961,0.9494
devops-sre,relational-database,in-memory-store,0.3835,0.9486
devops-sre,relational-database,frontend-framework,0.4369,0.9043
devops-sre,relational-database,message-broker,0.2545,0.9329
devops-sre,relational-database,html-css,0.4571,0.9047
devops-sre,relational-database,search-engine,0.34,0.9335
devops-sre,relational-database,fastapi,0.1346,0.9284
devops-sre,relational-database,django,0.1595,0.9372
devops-sre,relational-database,hadoop,0.0382,0.9412
devops-sre,relational-database,quarkus,0.0167,0.9545
devops-sre,infrastructure-language,python-package-manager,0.5457,0.943
devops-sre,infrastructure-language,make,0.3805,0.9203
devops-sre,infrastructure-language,flask,0.2154,0.9744
devops-sre,infrastructure-language,fastapi,0.1419,0.9805
devops-sre,infrastructure-language,django,0.1639,0.9649
devops-sre,infrastructure-language,lua,0.108,0.9348
devops-sre,infrastructure-language,hadoop,0.0371,0.9118
devops-sre,infrastructure-language,quarkus,0.0164,0.9318
devops-sre,container-orchestration,quarkus,0.0236,0.9545
devops-sre,infrastructure-as-code,public-cloud,0.937,0.6154
devops-sre,public-cloud,nosql-database,0.4855,0.9016
devops-sre,public-cloud,cloudflare,0.2473,0.9151
cloud-architect,infrastructure-as-code,public-cloud,0.9709,0.605
cloud-architect,container-orchestration,public-cloud,0.9318,0.5801
cloud-architect,shell,public-cloud,0.917,0.7068
cloud-architect,infrastructure-language,public-cloud,0.9083,0.824
cloud-architect,infrastructure-language,monitoring,0.5753,0.9371
cloud-architect,infrastructure-language,python-package-manager,0.5041,0.9461
cloud-architect,infrastructure-language,in-memory-store,0.3481,0.9015
cloud-architect,infrastructure-language,message-broker,0.2515,0.9086
cloud-architect,infrastructure-language,configuration-management,0.3849,0.9168
cloud-architect,infrastructure-language,search-engine,0.2932,0.9126
cloud-architect,infrastructure-language,make,0.3749,0.9275
cloud-architect,infrastructure-language,flask,0.1865,0.9868
cloud-architect,infrastructure-language,cargo,0.198,0.9241
cloud-architect,infrastructure-language,rust,0.1996,0.9169
cloud-architect,infrastructure-language,apache-spark,0.0833,0.9333
cloud-architect,infrastructure-language,hadoop,0.0387,0.9455
cloud-architect,infrastructure-language,databricks,0.0543,0.9
cloud-architect,infrastructure-language,mlflow,0.0302,1.0
cloud-architect,infrastructure-language,quarkus,0.0231,0.9688
cloud-architect,container-runtime,public-cloud,0.919,0.7832
cloud-architect,container-runtime,monitoring,0.5882,0.9434
cloud-architect,container-runtime,mlflow,0.0325,1.0
cloud-architect,container-runtime,quarkus,0.0248,0.9688
cloud-architect,relational-database,public-cloud,0.9176,0.7816
cloud-architect,relational-database,in-memory-store,0.3787,0.9208
cloud-architect,relational-database,message-broker,0.2619,0.9005
cloud-architect,relational-database,search-engine,0.313,0.9146
cloud-architect,relational-database,ruby-on-rails,0.0638,0.9057
cloud-architect,relational-database,hadoop,0.0399,0.9273
cloud-architect,relational-database,mlflow,0.0287,0.9333
cloud-architect,relational-database,quarkus,0.0235,0.9375
cloud-architect,public-cloud,python-package-manager,0.446,0.9227
cloud-architect,public-cloud,os-package-manager,0.5484,0.9308
cloud-architect,public-cloud,nosql-database,0.5224,0.9645
cloud-architect,public-cloud,in-memory-store,0.3271,0.9338
cloud-architect,public-cloud,message-broker,0.2318,0.9435
cloud-architect,public-cloud,frontend-framework,0.3933,0.9291
cloud-architect,public-cloud,javascript,0.5195,0.9226
cloud-architect,public-cloud,search-engine,0.2796,0.9592
cloud-architect,public-cloud,make,0.3316,0.9043
cloud-architect,public-cloud,flask,0.1624,0.9472
cloud-architect,public-cloud,data-warehouse,0.1924,0.9714
cloud-architect,public-cloud,cargo,0.1775,0.9072
cloud-architect,public-cloud,apache-spark,0.0753,0.95
cloud-architect,public-cloud,ruby,0.1115,0.9471
cloud-architect,public-cloud,ruby-on-rails,0.0594,0.9906
cloud-architect,public-cloud,hadoop,0.0337,0.9273
cloud-architect,public-cloud,databricks,0.054,1.0
cloud-architect,public-cloud,mlflow,0.027,1.0
cloud-architect,public-cloud,quarkus,0.0192,0.9062
cloud-architect,nosql-database,mlflow,0.0505,1.0
